Date,Open,High,Low,Close,Average,Volume
04/01/2016,76.5,77.5,75.5,75.5,76.69,92620
05/01/2016,75.5,75.5,73,75,74.5,243440
06/01/2016,73.5,76,73.5,76,74.82,303590
07/01/2016,74.5,78.5,74,77.5,76.52,375660
08/01/2016,76,78,76,76.5,77.35,75080
11/01/2016,76,76.5,75,76,75.65,659030
12/01/2016,77,77,75.5,76.5,76.47,299130
13/01/2016,76.5,76.5,75,75,75.36,252760
14/01/2016,74,75.5,73.5,74,74.1,4843064
15/01/2016,75,75,70,70,72,1426010
18/01/2016,68.5,70,67.5,70,68.86,1385050
19/01/2016,70,71,68.5,71,70.5,1156210
20/01/2016,70,72,69.5,71.5,70.69,394140
21/01/2016,71.5,73.5,71.5,71.5,72.51,168630
22/01/2016,71.5,71.5,69.5,71,71.09,327780
25/01/2016,72.5,74,71.5,74,72.93,103770
26/01/2016,72,75,72,73.5,73.83,172360
27/01/2016,72.5,74.5,72.5,73.5,73.86,377190
28/01/2016,74,74,72,73,73.04,42820
29/01/2016,72.5,73,72,72.5,72.57,388220
01/02/2016,72.5,72.5,71.5,71.5,72.28,131410
02/02/2016,72,74.5,70.5,70.5,71.23,1020050
03/02/2016,72,72.5,70.5,72,71.55,98450
04/02/2016,72,74,72,73.5,73.15,101460
05/02/2016,73.5,74,72.5,73.5,73.5,23030
15/02/2016,71.5,73.5,71,72,71.69,363790
16/02/2016,71.5,72.5,71.5,72,72.01,135840
17/02/2016,72.5,72.5,71.5,72,72,323500
18/02/2016,71.5,73,71.5,72,72.22,638490
19/02/2016,72.5,72.5,71.5,71.5,71.67,255950
22/02/2016,71.5,75.5,71.5,74.5,71.67,378100
23/02/2016,75.5,75.5,73.5,74,74.16,88940
24/02/2016,74,74,73.5,73.5,73.8,28430
25/02/2016,74.5,74.5,72,72,73.15,127080
26/02/2016,73,74,71.5,74,73,272350
29/02/2016,73,74,72,72,72.26,137790
01/03/2016,72,72.5,72,72,72.14,170880
02/03/2016,72,73.5,72,73,72.78,116760
03/03/2016,73.5,75.5,73.5,74.5,74.46,1192210
04/03/2016,75.5,75.5,74,74.5,74.57,160570
07/03/2016,74.5,77,74,74.5,75.54,320530
08/03/2016,75,75.5,74.5,75,74.87,138590
09/03/2016,75.5,76,75.5,75.5,75.8,54060
10/03/2016,75.5,75.5,74,74.5,74.44,153780
11/03/2016,74,75,73.5,73.5,74.04,236980
14/03/2016,74,75,74,75,74.52,45040719
15/03/2016,75,75,73,73.5,73.77,254170
16/03/2016,74,74,73,73,73.31,237120
17/03/2016,73.5,74,72,72.5,72.51,1233720
18/03/2016,72.5,72.5,71.5,71.5,71.55,1568150
21/03/2016,72,72.5,70,70,71.07,485990
22/03/2016,70.5,71,69,70,69.89,548375
23/03/2016,70,72.5,70,72,71.28,545030
24/03/2016,72,76.5,72,73.5,73.92,1122090
25/03/2016,74,74.5,72,74,73.63,342700
28/03/2016,74,74.5,73.5,74.5,73.99,959320
29/03/2016,74,74,72.5,72.5,73.26,655020
30/03/2016,72,73.5,72,72.5,72.54,514140
31/03/2016,72.5,72.5,71.5,71.5,71.87,660860
01/04/2016,71,72,70.5,71,70.94,331930
04/04/2016,71,71.5,69.5,70,70.067,384220
05/04/2016,70,71,69.5,70.5,70.18,399050
06/04/2016,71.5,71.5,69.5,71,70.18,498160
07/04/2016,71.5,71.5,70,71,70.68,208440
08/04/2016,70,70.5,69,69.5,69.7,3599800
11/04/2016,69.5,71,69.5,71,70.13,694480
12/04/2016,71,71,70,70,70.33,1182620
13/04/2016,70.5,70.5,69,69,69.46,239340
14/04/2016,69.5,70.5,69.5,69.5,69.94,197410
15/04/2016,70,70,69,69.5,69.54,223690
19/04/2016,69.5,70,68,69,69.13,427350
20/04/2016,69,69,67.5,67.5,68.01,214480
21/04/2016,67.5,70,67.5,70,68.95,404330
22/04/2016,69.5,70,69,69,69.22,295010
25/04/2016,69.5,70,67.5,68.5,68.46,339790
26/04/2016,68,70,68,69,69.11,543650
27/04/2016,69,70,68.5,69.5,69.06,431930
28/04/2016,69.5,70,69,69,69.33,282460
29/04/2016,69,71.5,69,70,69.83,731090
04/05/2016,71,71.5,70,71,70.77,504510
05/05/2016,71,71.5,70.5,71,71.09,563180
06/05/2016,71,74,71,72.5,72.27,1012480
09/05/2016,72.5,74,71.5,71.5,72.4,232020
10/05/2016,71,72,70,71.5,71.19,570290
11/05/2016,72,72,70.5,72,71.59,639890
12/05/2016,72,72.5,71.5,72,72.04,1836250
13/05/2016,72,72,70.5,70.5,70.81,382690
16/05/2016,71,71.5,70.5,71,70.83,706960
17/05/2016,71.5,72,71,71,71.41,401400
18/05/2016,71.5,72,71,71.5,71.49,408730
19/05/2016,71.5,72,70,70,70.54,495740
20/05/2016,70,70,69,69.5,69.58,1927900
23/05/2016,69.5,70,69,69.5,69.36,175590
24/05/2016,70,71,69.5,71,70.02,403360
25/05/2016,70.5,71,70,70,70.68,219550
26/05/2016,69.5,70,69,69,69.33,114240
27/05/2016,70,70,68.5,69,68.99,184750
30/05/2016,69,69,68.5,69,68.51,327700
31/05/2016,69,69.5,68.5,69.5,69.26,383930
01/06/2016,69.5,69.5,68.5,69,68.96,217400
02/06/2016,69,69.5,68.5,69,68.86,39940
03/06/2016,69,69.5,69,69,69,184710
06/06/2016,69,69,68.5,68.5,68.5,153140
07/06/2016,68.5,69,68,69,68.61,174210
08/06/2016,69,70,68.5,70,69.16,279510
09/06/2016,69.5,70,69,69.5,69.25,114520
10/06/2016,69.5,70,69,70,69.68,2425750
13/06/2016,70,70,69,69,69.2,1232740
14/06/2016,69,69.5,68.5,69,68.92,116110
15/06/2016,69,69,68,68.5,68.65,84940
16/06/2016,68.5,69.5,68.5,68.5,68.87,201010
17/06/2016,69,71,68,71,70.82,1601700
20/06/2016,69,70,68.5,69.5,69.08,214630
21/06/2016,69.5,70,69,69,69.33,108620
22/06/2016,69,70,69,69,69.02,85640
23/06/2016,69,69,68.5,69,68.86,207350
24/06/2016,69,69,66,67.5,67.79,320530
27/06/2016,67,67.5,66,67,66.93,811140
28/06/2016,67,67,66,67,66.79,294500
29/06/2016,67,67.5,66,67,66.5,416170
30/06/2016,67,67,66.5,66.5,66.51,208640
01/07/2016,66.5,70,66.5,67,67.56,408120
04/07/2016,67,67.5,66.5,67,67.01,125960
05/07/2016,67.5,68,67,67.5,67.47,129940
06/07/2016,67,67,66.5,67,66.79,191960
07/07/2016,67,67.5,66.5,67,66.97,251200
08/07/2016,66.5,67,66,67,66.68,467620
11/07/2016,66,67,66,67,66.61,278680
12/07/2016,67,67,66,67,66.73,1247970
13/07/2016,66.5,67.5,66.5,67,66.88,805500
14/07/2016,67,69.5,66.5,67.5,67.99,717250
15/07/2016,68,68,67,67.5,67.58,175870
18/07/2016,68,69,68,69,68.32,949580
19/07/2016,69,69,67.5,67.5,67.87,357780
20/07/2016,67.5,68,67,67,67.36,225340
21/07/2016,67.5,68,67,67.5,67.25,174010
22/07/2016,67.5,67.5,66,67,66.54,317090
25/07/2016,66.5,67.5,66,67,66.71,128060
26/07/2016,67.5,67.5,65,66.5,65.77,430300
27/07/2016,66,66.5,64.5,66,65.63,732260
28/07/2016,65.5,66,62,66,64.85,1894990
29/07/2016,64.5,66,64,64,64.14,876220
01/08/2016,65,65,63.5,64,64.05,342060
02/08/2016,63.5,63.5,61.5,61.5,62.03,848690
03/08/2016,61,62,60.5,61.5,61.28,555050
04/08/2016,60.5,62,60.5,62,61.7,341960
05/08/2016,61.5,61.5,59,61.5,60.85,1047830
08/08/2016,61,61,59,59.5,59.6,425780
09/08/2016,59,60.5,59,60.5,60.16,298610
10/08/2016,60,60.5,60,60.5,60.36,282540
11/08/2016,60.5,62,60,61,61.31,582020
12/08/2016,61,61.5,59.5,60.5,60.13,383460
15/08/2016,60,60,60,60,60,111560
16/08/2016,60,60,59,59.5,59.48,404310
17/08/2016,60,60,58.5,59.5,59.17,1026130
18/08/2016,60,63.5,59,63.5,61.53,2033290
19/08/2016,67,67.5,66.5,67.5,67.41,2293940
22/08/2016,67.5,67.5,65,65,65.94,241270
23/08/2016,64,65,62.5,63,63.78,652530
24/08/2016,63,63.5,61.5,61.5,62.18,503710
25/08/2016,62.5,62.5,60.5,61.5,61.35,756480
26/08/2016,62.5,64.5,62.5,63,63.33,930460
29/08/2016,64.5,67,64,67,66.27,1259500
30/08/2016,66.5,71,66,70,69.68,820870
31/08/2016,70,70.5,68,69,69.18,1327980
01/09/2016,68,68.5,66.5,67,67.22,1836300
05/09/2016,68,69,66.5,67,67.35,993920
06/09/2016,68,68.5,67,68,67.6,843190
07/09/2016,68,68.5,67.5,68,67.99,714730
08/09/2016,68,68.5,67,68.5,67.67,1265400
09/09/2016,68.5,69,68,69,68.66,745850
12/09/2016,68,69,67,69,68.34,1130770
13/09/2016,68.1,68.9,67.6,68.5,68.45,309120
14/09/2016,68,68,66.8,66.8,67.36,311860
15/09/2016,66,66.1,64.7,65,65.23,519390
16/09/2016,64.1,65,64.1,65,64.95,732710
19/09/2016,67,68.4,66.3,68,67.48,360510
20/09/2016,68.2,70.2,67.7,70.2,69.25,1247600
21/09/2016,70,70.6,69.2,70.5,70.26,6016900
22/09/2016,70.2,71.2,70,71,70.77,278580
23/09/2016,70.4,71,69.1,71,70,656890
26/09/2016,69.6,70.9,69.6,70.9,70.58,357780
27/09/2016,70,70.6,69.6,70.6,70.42,554440
28/09/2016,70,70.4,67.5,67.5,69.12,494280
29/09/2016,68.5,68.7,67.8,68.2,68.23,549110
30/09/2016,68,70.3,67.9,70.3,69.55,1106860
03/10/2016,70,70,68,70,69.42,1304520
04/10/2016,69,69.9,68.6,69.9,69.71,1322130
05/10/2016,69.8,69.9,69,69.9,69.73,1388130
06/10/2016,69.9,70,69.2,69.2,69.74,239540
07/10/2016,69.8,69.8,68.5,68.5,69.06,167700
10/10/2016,68.5,69.4,68.1,68.3,68.9,789410
11/10/2016,68.8,68.8,68,68.3,68.45,945720
12/10/2016,68.1,68.5,68,68,68.108,772060
13/10/2016,68,68.1,67.9,68,67.99,148990
14/10/2016,68,68.5,67.9,68.2,68.18,136680
17/10/2016,68.2,68.3,66.7,66.7,67.66,251580
18/10/2016,66.1,67.4,66.1,66.7,66.75,197290
19/10/2016,66.5,66.7,66.5,66.5,66.54,197140
20/10/2016,67.9,67.9,66,66.5,66.69,118250
21/10/2016,66.5,66.5,66.2,66.3,66.3,86950
24/10/2016,65.1,66,63.5,66,65.08,137940
25/10/2016,64.5,66,64.1,66,65.26,306970
26/10/2016,65,65.7,64.2,65.7,65.35,229620
27/10/2016,64.5,65.7,64.1,65.5,65.11,263690
28/10/2016,64.5,65.7,64,65.7,65.33,211670
31/10/2016,65.4,68.3,65.3,65.7,66.15,535860
01/11/2016,66,66.2,65,65.5,65.4,190220
02/11/2016,65.4,65.8,64.5,65.5,64.94,155380
03/11/2016,65.5,65.5,63.9,65.3,64.64,493125
04/11/2016,65.3,65.3,64.2,65.1,64.99,169460
07/11/2016,65.1,65.1,64.3,65,64.87,121690
08/11/2016,64.5,65,64.5,65,64.96,2007780
09/11/2016,64.3,65,63.5,65,64.5,297160
10/11/2016,65,65,64.3,65,64.81,586310
11/11/2016,65,65.5,64.5,64.5,64.69,53700
14/11/2016,64.4,64.4,61.5,62,62.47,651510
15/11/2016,63,63,62.3,63,62.76,1200220
16/11/2016,63,63.7,63,63.1,63.34,479620
17/11/2016,63.3,63.5,63,63.3,63.29,222230
18/11/2016,63.3,64.1,63.1,63.4,63.72,241650
21/11/2016,63.5,63.5,63,63.4,63.23,73370
22/11/2016,63.4,64.2,63.4,63.9,63.92,135790
23/11/2016,64,68.3,64,68.2,68.13,2158820
24/11/2016,71.3,71.9,68.3,69,70.21,637070
25/11/2016,69.7,69.8,68,68,68.69,339930
28/11/2016,67.5,67.7,64,64,65.64,899670
29/11/2016,64,65,62.4,62.7,63.14,599550
30/11/2016,65,65,63,64.1,63.93,529010
01/12/2016,64.1,66.8,64.1,64.4,65.3,810020
02/12/2016,64.8,64.8,62.8,62.8,63.52,1337740
05/12/2016,63,63.9,63,63.2,63.5,887240
06/12/2016,63.2,64,63.2,63.3,63.46,348710
07/12/2016,63.4,63.8,62.6,63,62.98,4173215
08/12/2016,63.5,63.5,63,63.3,63.26,1288860
09/12/2016,63.8,63.9,63.1,63.3,63.43,265730
12/12/2016,63.6,63.8,62.5,63,63.09,978650
13/12/2016,63,63,61,61,61.73,870920
14/12/2016,61.5,62.7,61.2,62.1,62.04,878690
15/12/2016,62.3,62.6,61.4,62.1,61.83,1001260
16/12/2016,62.1,65,61.7,65,64.41,1619440
19/12/2016,64,64.9,63.2,63.5,63.63,457330
20/12/2016,63.2,63.2,61.8,61.9,62.35,670790
21/12/2016,62,63,61.9,62.4,62.55,326240
22/12/2016,63.6,65.5,63.5,65.3,64.7,613300
23/12/2016,65.5,65.5,64.8,65.3,65.21,425270
26/12/2016,65.3,66.8,65.3,65.3,65.81,836660
27/12/2016,65.3,65.5,64.6,65,65,1189910
28/12/2016,65.3,65.5,63.7,63.7,64.21,637660
29/12/2016,64.2,64.3,63.8,63.9,63.94,122990
30/12/2016,64,65,64,64.8,64.69,334620
03/01/2017,64.8,66,64.8,65.4,65.34,397760
04/01/2017,63,63.5,62.7,63.5,63.05,746480
05/01/2017,64,64,62.9,63.1,63.3,458380
06/01/2017,62.7,63.2,62.4,63.2,62.71,2417680
09/01/2017,63.2,63.2,62.5,62.6,62.9,539500
10/01/2017,63.4,65,63.4,63.7,63.9,688910
11/01/2017,63.7,64,63.3,63.3,63.57,440010
12/01/2017,63.5,63.5,62.7,62.7,63.01,544770
13/01/2017,62.7,62.9,62.5,62.7,62.65,376450
16/01/2017,63,63,62.5,62.7,62.73,1232460
17/01/2017,62.7,63,62.3,62.7,62.58,147390
18/01/2017,62.8,62.8,62.4,62.5,62.54,892230
19/01/2017,62.6,62.6,62,62,62.16,304740
20/01/2017,62.3,62.3,61.5,61.5,61.72,491800
23/01/2017,41.6,41.8,41,41.2,41.27,221960
24/01/2017,40.45,41.4,40.45,41.2,40.91,149750
25/01/2017,41.25,41.25,40.7,41.25,41.04,168360
02/02/2017,41.25,42.35,41.25,42.2,42.08,447950
03/02/2017,42.2,43.2,42.2,42.3,42.88,584630
06/02/2017,42.7,42.7,42,42.6,42.25,321640
07/02/2017,42.6,42.6,42.3,42.6,42.54,702990
08/02/2017,42.6,42.6,42.45,42.6,42.55,174120
09/02/2017,42.5,42.6,42.35,42.5,42.46,1183560
10/02/2017,42.5,42.5,41.7,42,42.08,342780
13/02/2017,42,42,41.45,41.8,41.67,369880
14/02/2017,41.5,41.6,41.3,41.5,41.42,375630
15/02/2017,41.4,42.2,41.3,41.95,41.92,629800
16/02/2017,42,43,41.7,41.95,42.22,648230
17/02/2017,42,42.3,41.6,41.7,41.88,453170
20/02/2017,41.75,43,41.4,42,41.99,314390
21/02/2017,42.2,42.6,41.8,42.55,42.26,714450
22/02/2017,42.5,42.7,42.15,42.2,42.45,1314600
23/02/2017,42.3,42.3,41.85,42.2,42.05,323240
24/02/2017,42,42,41.55,41.7,41.75,371930
27/02/2017,41.4,41.4,40.1,41,40.89,1880600
28/02/2017,41,41.2,40.85,41,41,1037290
01/03/2017,40.8,41,40.55,41,40.87,991840
02/03/2017,40.8,40.9,40.55,40.9,40.77,471680
03/03/2017,40.9,41,40.55,41,40.75,407300
06/03/2017,40.8,41,40.75,41,40.91,916780
07/03/2017,41,41,40.6,41,40.9,786910
08/03/2017,41,42,40.7,41.7,41.64,2742490
09/03/2017,41.6,41.8,41.5,41.75,41.68,900350
10/03/2017,41.85,41.85,41.5,41.75,41.62,805140
13/03/2017,41.75,41.75,41.5,41.7,41.67,409950
14/03/2017,41.7,43.6,41.6,43.2,42.98,1542110
15/03/2017,43.7,44.3,43.5,43.75,43.93,1163970
16/03/2017,44,44,43.5,43.5,43.61,873130
17/03/2017,43.5,44.35,43.4,44.1,44.06,3098890
20/03/2017,44.4,46.6,44.4,45.9,45.5,1531180
21/03/2017,46,48.2,46,47.1,47.09,2846975
22/03/2017,47,48.5,46.4,47.5,47.78,2341049
23/03/2017,47.1,48.2,47.1,48,47.98,1097410
24/03/2017,48,48.2,47.2,47.8,47.86,431540
27/03/2017,47.7,48.4,47.5,47.8,48.04,629650
28/03/2017,47.6,47.6,46,46,46.68,779870
29/03/2017,46,47,45.9,47,46.49,2004580
30/03/2017,47.9,47.9,46.5,46.5,47.51,353180
31/03/2017,46.3,47.5,46.3,47.05,47.07,429510
03/04/2017,48,48.1,47.8,47.9,47.99,732940
04/04/2017,48,48.2,47.2,47.2,47.87,863240
05/04/2017,47.3,47.5,45.8,45.9,46.22,739530
07/04/2017,45.9,47.4,45.2,47.3,46.51,28210190
10/04/2017,47.1,47.5,46.5,46.5,46.79,554510
11/04/2017,46.5,46.5,46,46.1,46.28,1718580
12/04/2017,46.5,46.8,45,45.8,45.68,1165200
13/04/2017,45.25,46.2,45.1,45.75,45.43,234810
14/04/2017,45.2,45.75,44.8,45.5,45.17,461510
17/04/2017,45.5,46.1,44,44,44.93,342480
18/04/2017,44.5,46,43.9,46,44.76,1140370
19/04/2017,46,46,45,45.8,45.54,426820
20/04/2017,45.8,45.8,44.9,44.9,45.09,388960
21/04/2017,45.7,45.7,45,45,45.29,60343696
24/04/2017,45.5,45.5,44.8,45.4,45.12,143750
25/04/2017,45.7,45.7,45.2,45.5,45.52,229940
26/04/2017,45.4,45.7,45.3,45.45,45.47,285110
27/04/2017,45.85,45.85,45.15,45.15,45.44,101180
28/04/2017,45,45,44.2,44.45,44.54,522740
03/05/2017,44.45,44.5,44,44.3,44.31,1018200
04/05/2017,43.6,44.3,43.5,44,43.73,1486600
05/05/2017,43.6,44,43.1,43.1,43.56,1438890
08/05/2017,42.9,43.15,42.65,42.65,42.94,435320
09/05/2017,42.25,43,42,42.4,42.39,1015020
10/05/2017,42.4,43,42.4,42.9,42.8,349650
11/05/2017,42.9,42.9,42.65,42.7,42.79,659020
12/05/2017,42.6,42.75,42.5,42.6,42.65,505230
15/05/2017,42.5,42.7,42.3,42.6,42.48,862110
16/05/2017,42.5,44.5,42.5,43.85,43.66,946240
17/05/2017,43.85,44.25,43.2,43.5,43.66,1820490
18/05/2017,43,44,43,43.5,43.71,597570
19/05/2017,43.5,43.75,43,43,43.42,341520
22/05/2017,43.3,44.5,43.05,44.1,43.84,403650
23/05/2017,44.6,45.1,43.7,44.1,44.25,591860
24/05/2017,44.5,44.5,43.5,43.5,43.738,607770
25/05/2017,43.5,43.8,42.5,43,43,962430
26/05/2017,42.6,43.8,42.6,42.8,43.04,241540
29/05/2017,42.8,43.7,42.8,43,43.19,416530
30/05/2017,43.45,43.45,42.8,42.8,42.94,185060
31/05/2017,43,43.2,42.6,43.2,43.05,532750
01/06/2017,43.1,43.9,43.1,43.9,43.53,321750
02/06/2017,43.9,44.4,43.2,43.8,43.93,391385
05/06/2017,43.8,44.3,43.8,44.3,44.05,349640
06/06/2017,44.5,44.5,44,44.1,44.2,130880
07/06/2017,44.1,44.1,43.5,43.55,43.63,1042790
08/06/2017,43.55,43.55,43.05,43.1,43.21,398540
09/06/2017,43,43.5,43,43.2,43.27,371540
12/06/2017,43.1,43.45,43.05,43.3,43.24,1697600
13/06/2017,43.4,43.4,42.8,43.05,43.01,676200
14/06/2017,43.3,43.8,43.1,43.7,43.46,904080
15/06/2017,43.9,43.9,43.2,43.35,43.55,405160
16/06/2017,43.25,43.25,42.3,42.3,42.47,2488690
19/06/2017,43,43.65,42.8,43.6,43.21,667880
20/06/2017,43.6,43.6,42.9,42.9,43.05,2090350
21/06/2017,42.7,42.7,41.7,42,42.19,1348530
22/06/2017,42,42.3,41,41.6,41.68,878550
23/06/2017,41.6,41.6,41,41.15,41.2,1704960
26/06/2017,41.05,42.2,41.05,42.2,41.79,440840
27/06/2017,42.1,42.1,41.5,41.6,41.69,703410
28/06/2017,41.4,41.7,41.3,41.6,41.5,1519120
29/06/2017,41.9,42.7,41.9,42.4,42.21,761920
30/06/2017,42.8,42.8,42,42,42.33,514910
03/07/2017,41.9,42.1,41.5,41.5,41.7,389050
04/07/2017,41.6,41.6,41.2,41.4,41.33,357420
05/07/2017,41.5,41.5,41.2,41.3,41.27,1158720
06/07/2017,41.5,41.5,41.3,41.45,41.43,385200
07/07/2017,41.45,41.85,41.3,41.75,41.65,731880
10/07/2017,41.5,41.65,41.4,41.5,41.47,2093265
11/07/2017,41.5,41.65,41.25,41.65,41.5,1526870
12/07/2017,41.6,41.65,41.3,41.45,41.47,305600
13/07/2017,41.55,41.7,41,41.3,41.19,888360
14/07/2017,41.3,41.6,41.1,41.5,41.46,1606840
17/07/2017,41.5,41.55,39.9,40.65,40.78,2056890
18/07/2017,40.2,41,40,41,40.67,1866330
19/07/2017,41,41.2,40.8,41,41,3912910
20/07/2017,41.15,41.2,41,41.2,41.1,416160
21/07/2017,41.2,41.25,41.05,41.2,41.19,1393010
24/07/2017,41.2,41.45,41,41.45,41.24,486310
25/07/2017,41.5,41.6,41.25,41.6,41.46,624020
26/07/2017,41.45,41.6,41.2,41.55,41.48,853550
27/07/2017,41.2,41.6,41.2,41.5,41.48,357380
28/07/2017,41.6,41.6,41.45,41.6,41.52,2449520
31/07/2017,41,42.8,40.6,42.8,41.75,1509290
01/08/2017,42.2,42.75,41.9,42.45,42.49,523200
02/08/2017,42.4,42.6,42.2,42.5,42.47,471600
03/08/2017,42.5,42.65,42.5,42.6,42.58,3133525
04/08/2017,42.1,42.75,42.1,42.75,42.67,506140
07/08/2017,43,43,42.7,42.7,42.81,676460
08/08/2017,42.6,42.8,42.5,42.7,42.68,440710
09/08/2017,42.7,42.8,42,42,42.51,5527715
10/08/2017,42,42.7,42,42.5,42.48,559880
11/08/2017,42.5,42.75,42.5,42.7,42.68,190790
14/08/2017,42.3,44,42.15,44,43.3,4237750
15/08/2017,43.5,44.2,43.5,44.1,44,2720740
16/08/2017,43.9,45,43.9,44.6,44.47,648900
17/08/2017,44.8,45.1,44.4,44.9,44.72,1177340
18/08/2017,44,44.95,44,44.6,44.82,885450
21/08/2017,44.5,45.1,44.5,45,44.94,750400
22/08/2017,45.2,45.4,45,45,45.13,346450
23/08/2017,45,45.6,45,45.6,45.34,297730
24/08/2017,45.95,46.1,45.6,46,45.94,261840
25/08/2017,46,46.5,46,46.5,46.33,217080
28/08/2017,46.5,47,45.3,47,46.57,6300705
29/08/2017,46,47.05,45.2,45.2,46.33,726090
30/08/2017,46,46.9,45.6,46.8,46.58,308170
31/08/2017,47.1,48,46.9,47.5,47.38,489330
01/09/2017,47.5,48.5,46.85,48.2,47.92,2216520
05/09/2017,48.2,48.3,47.6,47.9,48.14,959570
06/09/2017,47.9,49,47.9,48,48.28,2333850
07/09/2017,48.5,50,48.05,50,49.4,887640
08/09/2017,50.2,53.5,50.2,53.2,52.82,1289150
11/09/2017,53.4,56.9,53,53.5,55.05,4899440
12/09/2017,54,55.5,54,55.1,54.53,2445230
13/09/2017,55.8,56.6,54,56,55.4,1721580
14/09/2017,55.6,57,55.6,56.3,56.62,566010
15/09/2017,56.3,56.3,54.5,56.1,55.78,4652830
18/09/2017,56.1,56.5,55.2,56.3,56.05,841840
19/09/2017,55.4,57,55.4,55.5,56.26,508690
20/09/2017,55.1,55.5,53.8,53.8,54.51,617800
21/09/2017,53.3,53.6,51.2,51.2,51.94,726040
22/09/2017,50.9,52.8,50.9,52,51.99,647270
25/09/2017,54,55,53.7,54.5,54.47,581110
26/09/2017,54.5,55.9,53.4,55.9,54.19,382200
27/09/2017,54.6,55.2,54.6,54.9,54.96,560200
28/09/2017,55.5,55.7,55.1,55.7,55.54,732450
29/09/2017,56,57.1,54.5,55.1,56.24,465570
02/10/2017,55.2,55.3,54.5,55.3,54.95,144920
03/10/2017,54.8,55.5,54.1,54.9,54.94,1124800
04/10/2017,54.2,55.5,54,55,55.01,383890
05/10/2017,55,57.9,55,57.7,57.04,586070
06/10/2017,57.8,57.8,56.8,57.1,57.26,144570
09/10/2017,57.5,57.9,56.6,57.2,57.24,3771120
10/10/2017,57,57.5,56.5,57.2,57.12,944580
11/10/2017,57,57.2,55.6,55.6,56.42,586530
12/10/2017,55.6,57.3,55.6,57.3,56.62,753820
13/10/2017,57.3,58.7,56.3,58.2,57.84,641900
16/10/2017,57.3,58.2,57.2,57.3,57.68,6419125
17/10/2017,57.1,57.3,56.2,56.2,56.96,5796200
18/10/2017,56.1,57,56.1,56.7,56.73,6567489
19/10/2017,57,57,56,56,56.63,6397796
20/10/2017,56,56.5,55.8,56.5,56.46,6015470
23/10/2017,55,56.4,54.6,56,55.83,6971140
24/10/2017,56,56,55.1,56,55.69,6529738
25/10/2017,55.3,56.5,55.3,56.5,56.22,11356672
26/10/2017,56.7,57.2,56,57.2,56.7,3937350
27/10/2017,57.1,58.5,56.7,58.5,57.74,347960
30/10/2017,58.5,60,58.3,60,59.66,4897890
31/10/2017,60,60.1,57,59.5,59.61,5209650
01/11/2017,59.8,60,58.5,60,59.71,3111670
02/11/2017,60,60.7,60,60.1,60.25,2875050
03/11/2017,60.1,60.2,59,60.2,59.91,3557610
06/11/2017,59.5,61,59.4,60.2,60.12,4639960
07/11/2017,60.2,60.2,59.7,59.9,59.97,462090
08/11/2017,59.9,60,59.6,59.9,59.88,7172920
09/11/2017,59.9,60,58,59.4,59.39,6375000
10/11/2017,60.1,60.2,59,59.5,59.32,6214600
13/11/2017,59.9,59.9,58,59,58.7,7530900
14/11/2017,58.9,58.9,57.5,58,57.98,7216020
15/11/2017,57.6,58,56.5,56.5,57.2,463660
16/11/2017,56.1,59,55.1,59,57.09,391640
17/11/2017,57.9,61,57,58,58.98,931720
20/11/2017,58,59.7,57.5,59.1,58.93,1030530
21/11/2017,59.2,63.2,59.1,62.4,61.33,1660060
22/11/2017,62.9,64.8,62.9,64,64.01,3532610
23/11/2017,65,66.5,63.9,64,64.7,3896830
24/11/2017,63.8,64.5,63,64.3,63.97,4231958
27/11/2017,64,68,63.8,68,66.11,4523433
28/11/2017,68,70,66,70,68.3,1917210
29/11/2017,70,70.3,69,70,69.96,3573730
30/11/2017,70.3,70.9,67.1,67.1,68.78,4808460
01/12/2017,67,69.4,66.5,68.5,68.05,725370
04/12/2017,70,70,68.8,69,69.38,1991000
05/12/2017,69,70.1,68.6,68.9,69.27,777070
06/12/2017,68.9,69,66,67.7,67.45,1313900
07/12/2017,68.6,69.8,67.3,69,68.4,1561970
08/12/2017,69.9,72.2,69.5,71.9,71.51,2217030
11/12/2017,72,74.1,71.5,72,72.97,1153430
12/12/2017,73,73,67.4,72.2,71.14,1437240
13/12/2017,70.6,72.2,70.5,71.6,71.53,812460
14/12/2017,71.1,73.1,71.1,73.1,72.39,694180
15/12/2017,72,72.7,71.7,71.7,71.9,3028190
18/12/2017,72,75.7,72,75.5,74.01,960060
19/12/2017,75.5,76.6,75.2,76,75.77,1056800
20/12/2017,75.5,76.9,75.1,76.1,76.09,1074900
21/12/2017,76.3,76.7,73.2,73.2,75.55,1314850
22/12/2017,74.4,74.7,72,73.9,73.08,1275600
25/12/2017,73.1,75.4,73,74.2,73.83,957370
26/12/2017,74.9,75.5,74.3,75.5,74.97,1323710
27/12/2017,74.9,75.7,74.8,75,75.24,717920
28/12/2017,75,76,74.5,75.7,75.29,377030
29/12/2017,74.8,77,74.8,76.7,75.98,1209680
02/01/2018,77,80,76.7,80,78.66,1133950
03/01/2018,80,84.3,80,82.5,82.86,699510
04/01/2018,81.9,83.4,81.5,82.5,82.34,749910
05/01/2018,82.5,85,81.8,84.7,84.06,553920
08/01/2018,84.9,88.8,83.6,88.8,85.98,1307900
09/01/2018,88.8,90.6,88.2,90,89.43,706480
10/01/2018,90,90,86.8,87,88.19,1124010
11/01/2018,85.7,90,85.7,90,88.22,1542750
12/01/2018,90.4,93.5,90,93,91.91,1213870
15/01/2018,93.3,93.7,90.1,92.8,91.85,1420860
16/01/2018,91.5,92.8,90.4,92.4,92.01,1470990
17/01/2018,92.5,92.6,90.2,90.2,91.53,1927060
18/01/2018,90,92,87.5,92,89.48,2603250
19/01/2018,92,92.2,87.5,87.5,89.62,1281320
22/01/2018,89,93.5,89,92.5,91.5,1418810
25/01/2018,93,97.5,93,97.2,95.42,2067180
26/01/2018,97.3,98.2,95.1,97.5,97.25,714310
29/01/2018,97.5,98,94.2,94.5,95.49,584310
30/01/2018,94.5,94.8,90,90.8,92.65,650630
31/01/2018,90.8,95,90.6,92.1,93.38,1332770
01/02/2018,94,94,90.5,92.1,92.51,844810
02/02/2018,92,92.5,86.7,91,89.36,785310
05/02/2018,85.5,87,84.7,84.7,85.13,1127480
06/02/2018,78.8,86,78.8,86,79.61,1870880
07/02/2018,86,86.5,83,83,84.66,566450
08/02/2018,83.9,86.4,82.5,85,85.43,471670
09/02/2018,81,83,79.5,82.2,81.47,948340
12/02/2018,84,85,81.1,85,83.61,997380
13/02/2018,85,87,85,85.6,85.91,485920
21/02/2018,85.6,90,85.6,89.5,88.52,1193930
22/02/2018,88,90,88,88,89.02,867290
23/02/2018,89,90.7,88.1,89.8,89.64,653110
26/02/2018,91,93,89.9,89.9,91.67,592570
27/02/2018,91.5,92,90.4,91.4,91.28,567630
28/02/2018,91,92.5,89.2,89.2,90.65,1182830
01/03/2018,90,91.5,89.3,91,90.21,686470
02/03/2018,91,93.2,89.5,91.5,91.89,623990
05/03/2018,93,93,91,91,91.91,824600
06/03/2018,91,91.6,90.5,90.5,90.96,910740
07/03/2018,90.6,91.7,90.4,91.4,90.91,1273290
08/03/2018,91.4,95,91.2,94,93.38,1283830
09/03/2018,95,96,93.9,94.1,94.95,778400
12/03/2018,95,95.7,94.2,95.2,95.01,816140
13/03/2018,95.2,95.2,93.5,95,94.4,393070
14/03/2018,94.2,95.4,94,94,94.59,315590
15/03/2018,95,95,93,93,93.96,456960
16/03/2018,94.2,94.2,92,92,92.33,3985230
19/03/2018,92,94.3,92,94.3,93.54,568790
20/03/2018,94.7,100.5,94.3,100.5,98.05,1663150
21/03/2018,100.5,103.4,99.6,102.4,100.89,2909320
22/03/2018,102.5,104.5,102.5,103.6,103.67,772700
23/03/2018,99.5,103,99.5,102,101.32,2519470
26/03/2018,102,109.1,100.9,109.1,106.68,1606890
27/03/2018,111,114,109,109,110.55,1137310
28/03/2018,109,110.4,107,110.4,109.68,450680
29/03/2018,111.5,112,108,109.5,110.65,1136320
30/03/2018,109,115,106.8,113.5,110.03,1304610
02/04/2018,113,118,113,114.6,115.86,1284570
03/04/2018,115,115,111.8,113,113.31,1230340
04/04/2018,113,114.9,110,110,112.01,1698330
05/04/2018,112,112.8,109,109.5,110.31,616480
06/04/2018,109.5,112,105,106.8,108.62,880100
09/04/2018,105,109.8,102,107,104.54,2072480
10/04/2018,109,109,104.1,105,105.64,1228280
11/04/2018,105,106.5,98,98,101.69,1737420
12/04/2018,98,102.8,97,102,100.02,755630
13/04/2018,102,103.3,100,102.5,101.64,16706610
16/04/2018,104,106.8,103.5,104.3,104.86,24269911
17/04/2018,106,106,103.5,104,104.5,1307510
18/04/2018,104,105,99.1,100,101.14,1888500
19/04/2018,100,100,93,93,95.31,2333260
20/04/2018,90.5,96.2,86.8,96.2,90.02,2602900
23/04/2018,96.2,98,94,95,95.27,1490560
24/04/2018,95,96,89,95.8,94.04,1546180
26/04/2018,95,95,89.1,89.2,91.02,1865210
27/04/2018,87.3,93,87,91.8,91,1050790
02/05/2018,92.5,93.7,91.8,93.4,92.73,896400
03/05/2018,93.4,93.5,91.5,92,92.48,1148110
04/05/2018,92,93.9,90.6,91.5,91.95,452810
07/05/2018,91.5,97,91,96.5,94.47,687860
08/05/2018,96.5,98.5,93.1,97,97.73,977860
09/05/2018,97,98,94.5,95,96.65,1073950
10/05/2018,95,96.5,92,94,94.4,623530
11/05/2018,94,94.8,92.5,93.9,93.6,408610
14/05/2018,94.5,98.5,93.5,98,96.11,1510620
15/05/2018,99,99.4,96,96.2,98.46,738890
16/05/2018,96.2,96.2,92.6,92.9,94.2,461650
17/05/2018,92.7,93.9,87,87,89.94,1142920
18/05/2018,88,92.5,87.5,92.5,88.97,885640
21/05/2018,92.5,93.5,89,89,91.63,495850
22/05/2018,88,89.9,82.8,85,84.69,1126390
23/05/2018,83.2,85.2,83,85,84.45,1469580
24/05/2018,85,85.3,83,84.5,83.99,1199550
25/05/2018,84,84.5,82.5,83.5,83.47,776710
28/05/2018,81.5,82.5,77.7,80,80.41,1634560
29/05/2018,78,82.5,75.5,80,78.45,1174770
30/05/2018,80,81.5,77.2,80,78.29,1757530
31/05/2018,79,84.5,79,81,79.88,1800950
01/06/2018,82,83.9,81,83.9,82.69,1194420
04/06/2018,84.9,84.9,83.6,84.2,84.18,1470440
05/06/2018,84.2,86.8,84.1,85.4,85.63,2470080
06/06/2018,85.4,85.5,84.5,85.5,84.97,1623840
07/06/2018,86.4,89.4,86,87.3,88.09,1331440
08/06/2018,87.3,87.8,85.6,86,86.63,754610
11/06/2018,86,86.7,85,85,85.8,881240
12/06/2018,84,84,79.5,82.4,81.99,1959670
13/06/2018,83,83.6,82.4,83.5,83.02,1010420
14/06/2018,84.5,85.3,83.1,84.5,84.52,754200
15/06/2018,83.9,85,83.1,85,84.64,1375470
18/06/2018,84,85,81.5,84,83.8,1034440
19/06/2018,82,82,79,80,80.14,1502690
20/06/2018,80,81.9,78,81,80,986430
21/06/2018,81,81.4,79.7,81,80.49,609310
22/06/2018,81,81,79.1,81,80.26,606920
25/06/2018,83.5,83.5,81.5,83,82.84,1018160
26/06/2018,82.5,82.5,80.9,82.5,81.68,451900
27/06/2018,82.5,83,80,81,81.09,418190
28/06/2018,80,80.9,77,79,78.91,1069180
29/06/2018,77.2,79.5,77.2,79,78.42,821030
02/07/2018,77.4,78.9,73.5,76,74.97,1503790
03/07/2018,76,76.5,72.1,74,74.93,1378310
04/07/2018,73,74.6,71,74.1,73.8,967410
05/07/2018,73.2,74.1,71.8,73.9,73.49,1524280
06/07/2018,71.8,74.1,71.1,74,73.76,1494750
09/07/2018,74,76,73.1,74.2,74.05,514980
10/07/2018,74,74.9,73.9,74.2,74.13,495930
11/07/2018,74,74.2,72.6,74,73.81,1112210
12/07/2018,72.7,74,72.6,74,73.83,521530
13/07/2018,74,75.4,73.5,74.9,74.59,453210
16/07/2018,74.5,75.2,73.9,74.2,74.53,1011680
17/07/2018,73.3,74.5,73.3,74.5,74,549360
18/07/2018,74.5,77,74.2,76,75.46,1230190
19/07/2018,77,80.5,76.8,79.1,79.01,2025560
20/07/2018,79.6,80,78.1,79.1,78.92,766990
23/07/2018,79,81.2,78.6,79.1,79.78,2414550
24/07/2018,79.1,81.2,78.2,80.5,80.3,1009400
25/07/2018,80.5,84,79.9,81,82.23,935280
26/07/2018,81.9,82.1,80,81,81.08,708100
27/07/2018,80.8,81.5,79.9,81.3,80.85,613850
30/07/2018,81.8,81.8,80,81.4,80.89,515970
31/07/2018,81,84.6,81,84.2,83.64,910850
01/08/2018,84.5,84.5,82.7,84.2,83.64,299790
02/08/2018,84.2,84.8,83.4,84.2,84.13,581440
03/08/2018,85.1,85.2,84.2,85,84.72,618550
06/08/2018,85,88.4,84.5,87.4,86.42,636030
07/08/2018,87.4,90.6,87,90,88.91,3536920
08/08/2018,90,90,88.5,90,89.22,1310530
09/08/2018,90,90.9,88.9,89.9,89.85,1463990
10/08/2018,88.7,89.5,87.8,89,88.56,1194180
13/08/2018,88.3,91.8,87.9,90.9,89.81,744800
14/08/2018,90.9,93.5,89.9,93.5,91.71,680370
15/08/2018,93.5,93.8,91.5,91.5,92.97,3587230
16/08/2018,90.1,91.1,88.6,90,89.65,845490
17/08/2018,90.8,91.3,89.5,89.6,90.21,405510
20/08/2018,90.5,90.5,89.3,89.9,89.67,256130
21/08/2018,90.8,91.8,90,90.3,90.84,519260
22/08/2018,90.8,92.3,90.5,92,91.75,964650
23/08/2018,92.8,92.9,91.2,91.2,91.97,269120
24/08/2018,91.2,92,90.6,90.6,91.11,694970
27/08/2018,90.6,91.8,90.5,91.2,91.02,477350
28/08/2018,92,92,91,91.4,91.45,315060
29/08/2018,92,93.2,91,91,92.76,891740
30/08/2018,92,97,91.5,97,93.48,743980
31/08/2018,95.6,97.2,94.8,95,96.43,749680
04/09/2018,95,96.3,94,94,95.53,822140
05/09/2018,93.7,94.6,92.6,93,93.69,1291780
06/09/2018,93,95.5,92.9,94.8,94.48,1295250
07/09/2018,94.3,95,93.6,95,94.18,448340
10/09/2018,94.1,95,91.5,91.5,93.17,508950
11/09/2018,92,92.6,90,92.5,91.71,499990
12/09/2018,93.6,94.5,92.6,92.6,93.86,314160
13/09/2018,91.7,94,91.7,92.4,92.34,401210
14/09/2018,92.4,92.4,91.5,91.6,91.89,1832950
17/09/2018,91.1,91.6,88.9,91.6,90.38,536010
18/09/2018,91.5,91.5,89.1,90.1,90.18,787760
19/09/2018,92,93,91,91.2,91.69,1372450
20/09/2018,91.5,92.7,91.5,92.5,92.37,1232980
21/09/2018,92.5,94.7,91,91,91.37,3712030
24/09/2018,93,95,92.9,94.5,94.13,1969170
25/09/2018,95.5,95.9,93.9,94.4,94.43,1261010
26/09/2018,93.5,94.2,93.3,93.5,93.69,659600
27/09/2018,93.5,94,92,92.5,92.73,780430
28/09/2018,93.4,93.4,91.5,92.8,92.41,686950
01/10/2018,92.8,93.9,91.6,93.9,92.84,1399940
02/10/2018,93.9,94.1,90.6,94,93.09,112207152
03/10/2018,93.5,93.7,92.5,93.2,93.12,604560
04/10/2018,93.3,93.9,92.8,93.9,93.48,1441430
05/10/2018,93.8,93.8,90.9,91,92,61323095
08/10/2018,90.4,91,87.6,89.8,89.59,7333530
09/10/2018,89.8,90,88,88,89.18,993550
10/10/2018,88,88,84.5,84.5,85.85,1323520
11/10/2018,80.7,81.9,78.6,78.6,79.03,2415010
12/10/2018,75.4,81.3,75.4,81.3,79.35,1549630
15/10/2018,81,81,78,78.5,79.64,1631940
16/10/2018,78.4,79.2,77.5,78.6,78.47,871250
17/10/2018,80,81.8,79.5,81,80.57,1110670
18/10/2018,81,81.3,79.8,80.2,80.63,684320
19/10/2018,79.1,81,78.5,81,80.06,2757580
22/10/2018,81,81.4,79.2,79.2,80.76,838910
23/10/2018,79,79,75.1,77.5,77.91,2313490
24/10/2018,76.1,77.4,74.2,75,75.41,2173340
25/10/2018,71,77.5,71,77.5,74.52,2515680
26/10/2018,77,77.4,76.3,76.5,76.6,785650
29/10/2018,75,76.6,74.7,76.5,76.29,728550
30/10/2018,75.3,78.7,75.2,78,77.91,1217270
31/10/2018,79,83,78.5,83,81.09,2193449
01/11/2018,82.5,83.6,81.2,82,82.3,28242854
02/11/2018,82.7,84.5,82,84.5,83.9,993240
05/11/2018,82.7,85.2,82.7,85.2,84.19,1006840
06/11/2018,86.2,87,84,84,85.87,1023510
07/11/2018,84.5,85.4,83.7,84.7,84.76,892740
08/11/2018,85,86,84,84.5,84.88,145850
09/11/2018,84,84.5,82.7,84.3,83.82,597220
12/11/2018,83.1,84.2,82.4,83.6,83,241050
13/11/2018,82,82.1,79,79,80.38,576150
14/11/2018,79.1,80.6,77,79,79.37,331450
15/11/2018,79.8,79.9,78.4,79.4,79.16,383880
16/11/2018,80.9,80.9,79,79.6,79.87,572040
19/11/2018,79.6,82,79.6,81.8,80.88,332240
20/11/2018,81.2,82.4,81.2,81.8,81.76,923500
21/11/2018,80,81.5,80,81.2,80.95,282090
22/11/2018,81.2,82.5,81,82,81.87,799550
23/11/2018,82,82.3,81.5,81.6,82,450020
26/11/2018,81.6,82.3,81.2,82.1,81.98,12729670
27/11/2018,82.1,83,81.9,82,82.4,420980
28/11/2018,81.6,82,81,81.3,81.35,5501430
29/11/2018,82.5,82.5,81,81,81.79,451770
30/11/2018,81,81.4,79.5,80,80.07,1669270
03/12/2018,81.5,82.4,81.3,82.2,82.02,989700
04/12/2018,82.5,84.5,82.4,84.1,83.53,1589470
05/12/2018,83.5,84.1,82.5,84.1,83.59,1125600
06/12/2018,84,85.3,83.5,83.8,84.22,629700
07/12/2018,84,85.4,84,84.6,84.8,2020580
10/12/2018,84.5,86,84.1,85.6,85.32,564270
11/12/2018,85.2,86.1,85.2,85.9,85.68,646530
12/12/2018,85.9,87,85.2,87,86.29,422120
13/12/2018,88,88.2,86.8,87.1,87.63,914070
14/12/2018,87.4,87.4,85.5,85.5,86.3,367370
17/12/2018,84.2,85.4,82,82,83.3,605910
18/12/2018,80.3,81.4,80.3,81.2,81.1,703540
19/12/2018,81.1,82.3,81,81.5,81.5,402320
20/12/2018,81,82,81,81,81.31,337360
21/12/2018,80.8,81.9,78.6,78.6,79,2407240
24/12/2018,80,80.9,79,79,80.08,1313150
25/12/2018,78.9,80.4,77.9,80,78.84,562070
26/12/2018,80,80.2,79,79,79.83,873200
27/12/2018,80,80.5,79,79,79.7,525950
28/12/2018,79.4,80,77.5,77.5,78.65,628000
02/01/2019,78.9,78.9,78.2,78.6,78.5,499670
03/01/2019,78.9,78.9,77.6,78,78.07,565640
04/01/2019,77,77.5,75.5,76.2,76.42,641930
07/01/2019,78.1,78.5,77.2,78.2,77.96,553510
08/01/2019,78.2,79.1,78.1,79,78.74,456940
09/01/2019,79,79.8,78.9,79,79.24,365250
10/01/2019,79,81.1,79,80.2,80.33,512900
11/01/2019,80.3,81.2,80,80.7,80.68,502300
14/01/2019,80.7,81.3,80.3,80.5,80.75,437700
15/01/2019,80.6,82,80.4,81.9,81.36,426800
16/01/2019,82,82.6,81.4,81.4,81.98,676100
17/01/2019,81.3,82.1,80.2,80.2,81.2,320060
18/01/2019,80.2,81.4,80.2,81,81,15827320
21/01/2019,81,81.3,80.6,80.8,80.99,826000
22/01/2019,80.8,80.9,80.1,80.1,80.59,492530
23/01/2019,80.1,80.1,78,78,79.03,927980
24/01/2019,78.7,78.9,77.5,78,78.08,2662720
25/01/2019,78,78.6,77.8,78.3,78.14,1027540
28/01/2019,78.3,79.3,78.3,79.1,78.94,809070
29/01/2019,80,80,79.2,79.5,79.5,2652071
30/01/2019,79.1,79.6,79.1,79.1,79.36,698960
31/01/2019,79.4,79.6,77.7,77.7,78.44,841900
01/02/2019,78,78.6,77.5,78.4,78.26,897540
11/02/2019,79.9,82.2,79.8,80.2,80.9,1264470
12/02/2019,81.5,83,80.8,82.3,82.03,1332810
13/02/2019,82.3,85.9,82.3,85.9,84.2,3319890
14/02/2019,85.9,86.4,84,86,85.29,15613113
15/02/2019,85.8,85.8,84.6,84.7,85.01,1029850
18/02/2019,85,85.5,84.9,85.4,85.13,1559240
19/02/2019,85.1,86.6,85.1,86.5,86,1674720
20/02/2019,86,86.4,85.8,86,86.07,1861460
21/02/2019,86.3,89.9,86.3,89.7,88.12,2708130
22/02/2019,89.9,91,88.4,88.4,90.02,1634210
25/02/2019,92,92,90.5,91.2,91.66,1139980
26/02/2019,91,91.2,88.4,90,89.65,932730
27/02/2019,90.1,90.9,89.8,89.9,90.16,1180910
28/02/2019,89.9,89.9,88.5,88.9,88.98,969780
01/03/2019,89,89.2,88.2,89,88.88,1584600
04/03/2019,89.1,91.4,89,89.5,89.71,1736990
05/03/2019,89.5,90.9,89.3,89.4,89.95,1036060
06/03/2019,90,90.2,89.3,90,89.89,1225520
07/03/2019,90.7,91,89.8,90,90.15,1519830
08/03/2019,89.1,90,88.5,89.8,89.4,800100
11/03/2019,88.1,89.7,88.1,89.6,89.13,852350
12/03/2019,89.6,90,88.1,88.5,88.84,1058710
13/03/2019,88.5,89.5,88.5,89,88.96,1014640
14/03/2019,89,89.3,88.6,88.6,88.88,472200
15/03/2019,88.6,89,85.3,86.5,86.42,8380420
18/03/2019,86.5,87.6,84.8,86.8,86.02,4547050
19/03/2019,87.3,87.3,86,87,86.94,6946166
20/03/2019,85.2,86.2,84,85,84.97,7037360
21/03/2019,85.1,85.4,84.3,85,84.88,710060
22/03/2019,84.9,85.3,84.5,84.5,84.89,759190
25/03/2019,83,83.7,82.1,82.2,82.68,768000
26/03/2019,82.2,84,82.2,83.1,82.7,842040
27/03/2019,83.1,85.2,83.1,85,84.75,1082930
28/03/2019,85,85,84.2,85,84.73,892670
29/03/2019,85,86.9,84.3,84.3,85.82,1216010
01/04/2019,85.6,88,85.2,88,86.96,885710
02/04/2019,88.3,88.6,86.3,88.1,87.99,1367200
03/04/2019,88.1,88.1,87,87.7,87.92,303680
04/04/2019,87.1,88.1,87.1,87.8,87.89,336280
05/04/2019,87.8,88.8,87.8,88.3,88.32,296110
08/04/2019,88,88.5,85.8,88.3,87.08,741150
09/04/2019,88.7,88.7,87,87.5,87.89,280380
10/04/2019,85.2,87,85.2,86.7,86.15,292050
11/04/2019,86.7,88,86.7,87.7,87.3,188220
12/04/2019,87.8,88.1,87,87.8,87.84,95630
16/04/2019,86,88.1,85.4,87.8,87.8,410800
17/04/2019,87.8,88.1,87,88,87.96,1198710
18/04/2019,86.1,87.9,86,86,87.16,407720
19/04/2019,86,88,86,87.6,87.55,57480
22/04/2019,87.6,88,87.5,87.9,87.76,292240
23/04/2019,87.1,88,87.1,87.9,87.84,338520
24/04/2019,86.6,88.1,86.6,88,87.81,573510
25/04/2019,88,88,87.1,87.4,87.71,366410
26/04/2019,87,87.4,86.4,86.9,86.86,284150
02/05/2019,87,88.5,86.5,88.5,87.42,678660
03/05/2019,88.7,90.4,87.3,88.6,89.26,868120
06/05/2019,88.4,88.4,86.5,87,87.37,201180
07/05/2019,87,88.7,87,87.9,87.81,1708330
08/05/2019,87,88.5,87,87.8,87.73,1409850
09/05/2019,87.8,88.2,87.5,87.7,87.82,706600
10/05/2019,87.1,88.3,87.1,87.5,87.91,806060
13/05/2019,87.5,87.9,86.7,86.7,87.25,401940
14/05/2019,84.1,87.8,84.1,86.5,86.35,427800
15/05/2019,86.5,88.5,86.5,87.8,87.44,582520
16/05/2019,87.8,88.3,87,87,87.5,531320
17/05/2019,86.2,87.8,86.2,86.5,86.56,592570
20/05/2019,86.6,88.2,86.5,88,87.33,446980
21/05/2019,88,91.6,88,91.3,90.72,1202160
22/05/2019,91.3,91.6,89.8,90,90.56,1436920
23/05/2019,89.8,90.8,89,90,90.06,848760
24/05/2019,90,90.5,87.2,87.2,88.83,895290
27/05/2019,87.1,88.8,87.1,88.4,88.24,1446080
28/05/2019,88,88.5,86.5,87,87,1113700
29/05/2019,86.6,87.7,86.5,87.3,86.97,415090
30/05/2019,87.3,87.8,85.5,85.5,86.89,309190
31/05/2019,85.6,86.8,85.6,85.8,86.17,463440
03/06/2019,85.8,86.4,85,85,85.45,474040
04/06/2019,85,85.6,83.5,85,84.42,411580
05/06/2019,85.9,85.9,85,85,85.51,214360
06/06/2019,84.6,85.5,84.6,85.2,84.95,479610
07/06/2019,85.5,86.9,85,86,85.91,293020
10/06/2019,87,87,85.6,86.7,86.4,435320
11/06/2019,86.7,86.8,86,86,86.34,326860
12/06/2019,86.5,86.5,85,85,85.53,10723690
13/06/2019,85,86.2,84.3,84.5,84.64,586480
14/06/2019,85,85,83.6,84.2,84.31,323270
17/06/2019,83.3,84.8,83,83.5,83.45,3743840
18/06/2019,83.4,83.7,81.6,82,82.69,813100
19/06/2019,82,83.4,82,82.8,82.46,828240
20/06/2019,82.5,84.5,82.3,82.5,83.07,313420
21/06/2019,82.5,84,82.4,84,83.69,1374830
24/06/2019,84,85.5,78.2,84.1,83.93,432000
25/06/2019,84,84.7,84,84,84.39,1121890
26/06/2019,83.8,85.5,83.8,85.5,85.03,487640
27/06/2019,84.7,85.6,82,82,83.49,638710
28/06/2019,83,83,81.5,83,82.14,1748790
01/07/2019,84,85.6,83.9,85.6,84.51,329720
02/07/2019,85.6,85.6,84.6,84.6,84.86,623850
03/07/2019,84.6,84.9,83.2,84.5,83.98,391950
04/07/2019,84.5,85.2,84.3,85.2,84.92,305720
05/07/2019,84.9,85.2,84.2,85,84.79,377100
08/07/2019,84.1,84.7,83.5,84.5,83.86,395430
09/07/2019,84,84.5,83.9,84.2,84.15,1137730
10/07/2019,84.2,84.6,83.8,84.2,84.09,271130
11/07/2019,84.2,84.5,82.5,82.5,83.07,585230
12/07/2019,82.5,83.8,81.5,81.5,82.09,512220
15/07/2019,81.5,81.5,79.4,79.9,80.2,679300
16/07/2019,80,80.9,80,80.4,80.48,1077140
17/07/2019,80.7,80.7,79.5,79.8,79.97,543700
18/07/2019,78.9,80,75,75.8,76.68,1683640
19/07/2019,76,77.8,75.8,77.7,76.92,512090
22/07/2019,77.7,79.9,77.7,79.2,78.84,473610
23/07/2019,78.2,79.7,78,79.6,79.06,856340
24/07/2019,79.9,80.9,79.6,80.7,80.29,523110
25/07/2019,80.3,81.3,79.9,80.8,80.7,322150
26/07/2019,80.8,80.9,79.9,80.9,80.26,364360
29/07/2019,80.7,81,80.1,81,80.55,418150
30/07/2019,81,81.1,79.9,79.9,80.29,345050
31/07/2019,79,80,78.6,80,79.25,804170
01/08/2019,80,80.7,79.9,80.1,80.22,367740
02/08/2019,79,80,79,79,79.43,569932
05/08/2019,78.2,79,76.8,76.8,77.48,794840
06/08/2019,76.5,76.6,74.7,75,75.22,1021670
07/08/2019,75,76.4,73.6,74.8,74.79,2322789
08/08/2019,73.6,74.8,72.8,74.8,73.75,900350
09/08/2019,74.9,76.4,74.9,76.1,75.97,459400
12/08/2019,76,76.5,75.5,76,76.01,627990
13/08/2019,76,76,74.9,75.6,75.35,822420
14/08/2019,76.5,76.5,75.6,75.6,75.93,540630
15/08/2019,75.1,76.1,74.6,76.1,75.53,487060
16/08/2019,75.2,77.5,75.2,77,76.85,465450
19/08/2019,77,77.5,76.8,77.1,77.12,291070
20/08/2019,77,77,76,76.2,76.36,756670
21/08/2019,75.6,77.3,75.6,77,76.77,398000
22/08/2019,77,78,76.5,78,77.45,398850
23/08/2019,78.3,78.3,77,77,77.56,201320
26/08/2019,76,76.5,75.2,76,75.81,568280
27/08/2019,76,76.5,75,75,75.67,422230
28/08/2019,75,75.8,74.6,74.8,75.04,267990
29/08/2019,74.8,75.5,74.8,75,75,194630
30/08/2019,75,75.8,74.9,75.4,75.14,181410
03/09/2019,75.4,75.4,74,74,74.79,377600
04/09/2019,74,75.5,74,75,74.75,524760
05/09/2019,75,75.2,73.8,74.5,74.69,355580
06/09/2019,74.5,75,74,74,74.42,242520
09/09/2019,73.7,74.8,73.7,74,74.36,970470
10/09/2019,74,76.4,74,76.1,75.26,4668730
11/09/2019,76.2,78.2,76.1,78,77.33,5945250
12/09/2019,78,78,76.8,76.8,77.18,328210
13/09/2019,76.2,76.7,75.9,76.5,76.27,1629494
16/09/2019,76.5,78,76.5,77.8,77.71,4118220
17/09/2019,78,79.6,77.8,79.5,78.71,604250
18/09/2019,79.5,80.9,79,80.9,80.09,1940280
19/09/2019,80.9,81,79.8,80.2,80.26,548790
20/09/2019,80.1,80.2,79.1,80.2,80.09,816210
23/09/2019,80.2,80.9,79.9,80,80.14,1499150
24/09/2019,79.9,79.9,78.4,79,78.87,608760
25/09/2019,79,79.2,78.6,79,78.88,257150
26/09/2019,78.8,79,78.3,78.5,78.61,348020
27/09/2019,79,79.9,78.7,79.4,79.21,570790
30/09/2019,79.4,79.5,78.5,78.5,78.91,562880
01/10/2019,79,79.1,78.1,78.8,78.61,374870
02/10/2019,79,79,77,77,77.77,753820
03/10/2019,77,78,76.4,78,77.1,579110
04/10/2019,78,78.5,77.1,77.4,77.75,209850
07/10/2019,77.4,77.7,76.5,76.5,76.97,357580
08/10/2019,76.8,77.5,76.6,76.9,77,258070
09/10/2019,76.9,77.2,76.6,77,76.93,668030
10/10/2019,77,77.5,76.7,77,76.99,437560
11/10/2019,77.3,77.4,76.8,77,76.99,560570
14/10/2019,77.2,77.4,76.6,76.6,76.83,1473640
15/10/2019,76.6,78.7,76.6,78.2,77.63,411850
16/10/2019,78.5,78.5,77.8,77.8,78.25,399340
17/10/2019,77.8,78,77,77,77.41,838380
18/10/2019,77,77.5,76,76,76.51,769560
21/10/2019,76,76,74.7,75,75.09,769240
22/10/2019,75,75.4,74.1,74.4,74.57,431650
23/10/2019,74.5,76,74.5,75.8,75.37,587600
24/10/2019,76,76,75.2,75.6,75.54,272770
25/10/2019,75.6,75.6,74.5,74.6,74.87,479400
28/10/2019,74.7,75,74.5,74.5,74.73,502510
29/10/2019,74.5,74.9,74,74,74.34,483230
30/10/2019,74.6,74.8,73.8,74,74.07,638330
31/10/2019,75,75.3,73.8,74.2,74.61,908640
01/11/2019,74.5,76,74.5,75.7,75.41,1597000
04/11/2019,76.2,77.1,76.2,76.3,76.46,927990
05/11/2019,76.3,76.4,75.6,76,76.01,986170
06/11/2019,75.9,76.7,75.9,76,76.19,537760
07/11/2019,76,76.5,75.7,76.5,76.24,1219940
08/11/2019,77.2,77.4,76.6,76.8,77.04,904570
11/11/2019,76.7,76.7,74.5,74.5,75.31,1140280
12/11/2019,74.6,75.2,74.5,75,74.87,445080
13/11/2019,75.2,75.2,74.3,74.3,74.58,2469140
14/11/2019,74.4,75.3,74.4,75.2,74.95,477280
15/11/2019,75.2,75.2,74.5,74.5,74.85,275160
18/11/2019,75,75,74.4,74.4,74.53,222090
19/11/2019,74.5,74.9,73.9,74,74.19,542900
20/11/2019,74,74.5,73.6,73.6,73.99,283120
21/11/2019,73,73.8,71.5,71.5,72.1,843260
22/11/2019,72.6,72.9,69.9,70.5,71.23,797010
25/11/2019,70.6,71.6,70.5,71.5,71.19,311430
26/11/2019,71.8,72.6,71.5,71.5,71.77,583740
27/11/2019,71.5,72,70.9,71,71.36,618210
28/11/2019,70.6,71,68.6,69.5,69.68,608710
29/11/2019,69.5,70.4,68.9,70,69.93,302310
02/12/2019,70.5,70.5,69,69,69.45,782600
03/12/2019,68.7,69.1,64.2,64.2,66.11,3401640
04/12/2019,64.1,64.2,59.9,62.5,61.3,5523420
05/12/2019,62.5,62.5,60.5,62,61.32,1458980
06/12/2019,61.5,63.7,61.3,62.5,62.67,1617700
09/12/2019,62.3,62.4,60.3,60.5,61.02,1422780
10/12/2019,60.5,60.9,56.6,56.6,57.64,3197640
11/12/2019,56.2,57.5,54.4,55.7,55.7,3088670
12/12/2019,56,58.8,56,58.5,57.75,1874500
13/12/2019,59,59.4,57,58,58.41,3241600
16/12/2019,57.3,57.8,56.7,56.7,57.13,17364490
17/12/2019,56.8,56.9,55.7,56.1,56.25,1524680
18/12/2019,56,57,55,56.4,56.05,1377470
19/12/2019,56.4,56.4,55.5,55.6,55.8,910030
20/12/2019,55.6,55.7,54.6,55,55.11,4945470
23/12/2019,55.6,55.9,51.6,51.6,52.68,2251100
24/12/2019,51.7,54.7,50.2,54.5,52.52,1401890
25/12/2019,54.8,56.2,54.5,55.7,55.72,1560750
26/12/2019,55,58.1,54.9,57,56.81,1900250
27/12/2019,56.5,57.4,56,56.9,56.65,629490
30/12/2019,57,58,56.8,57.1,57.53,887370
31/12/2019,57.1,57.3,55.9,56.5,56.6,728060
